Título,Autor,ISBN,Año,Precio,Precio_Num,Estado
PINOCHO,Carlo Collodi,9788417127596,2020,S/ 69.00,69.0,Disponible
PINOCHO,Carlo Collodi,9788491421337,2024,S/ 34.93,34.93,Disponible
10 SONIDOS PINOCHO,Silver Dolphin,9786075772202,2024,S/ 77.10,77.1,Disponible
PEQUEÑOS RELATOS: PINOCHO,Carlo Collodi,9786076182840,2015,S/ 22.70,22.7,Disponible
"AVENTURAS DE PINOCHO, LAS",Carlo Collodi,9788491056584,2023,S/ 49.00,49.0,Disponible
CUENTO INFANTIL 32 PÁGINAS: PINOCHO,N/A,9786075328386,2022,S/ 35.80,35.8,Disponible
LAS AVENTURAS DE PINOCHO (INGLES) (MINI ,Los Libros Mas Pequeños De Mundo,9786124076053,2016,S/ 20.00,20.0,Disponible
REINOS ENCANTADOS: LA CENICIENTA Y PINOC,Silver Dolphin,9786075771908,2024,S/ 68.50,68.5,Disponible
MUNDO MÁGICO: HISTORIAS FANTÁSTICAS — LI,Silver Dolphin,9786075771892,2024,S/ 68.50,68.5,Disponible
LAS AVENTURAS DE PINOCHO,Carlo Collodi,9788408173212,2017,S/ 41.30,41.3,Sin Stock
LAS AVENTURAS DE PINOCHO,Carlo Collodi,9788420452548,2019,S/ 49.00,49.0,Sin Stock
LAS AVENTURAS DE PINOCHO (MINI LIBRO),Alberto Briceño,9789972886652,2003,S/ 15.00,15.0,Sin Stock
PINOCHO Y SUS AVENTURAS POR EL AMAZONAS,Yudyd Pastor Uzategui,9786124301803,2020,S/ 39.00,39.0,Sin Stock
CLASICOS PARA COLOREAR: AVENTURAS DE PIN,"Jacob Grimm, Wilhelm Grimm",9786076187845,2013,S/ 36.50,36.5,Sin Stock
PEQUEÑOS CLÁSICOS PARA NIÑOS: LAS AVENTU,Carlo Collodi,9788491456865,2023,S/ 70.00,70.0,Sin Stock
CLASICOS CON LENTICULAR: LA BELLA Y LA B,Varios Autores,9786075322230,2018,S/ 27.20,27.2,Sin Stock
